res_x,res_y,mean_runtime,std_runtime,max_runtime,block_size_x_config,block_size_y_config
20000,20000,6347261.8,350605.58896651946,7042133.0,1,1
20000,20000,630952.4,373068.78832762194,1376286.0,32,1
20000,20000,634288.6,371691.51242911106,1376954.0,1,32
20000,20000,572536.4,369150.7070878234,1309854.0,128,1
20000,20000,669205.4,363308.60430361406,1394939.0,1024,1
