res_x,res_y,mean_runtime,std_runtime,max_runtime,block_size_x_config,block_size_y_config
20000,20000,6350568.6,348088.51457846176,7040762.0,1,1
20000,20000,649134.6,368812.87664049905,1385822.0,32,1
20000,20000,643197.2,367170.4783614282,1376623.0,1,32
20000,20000,573771.6,368242.65291114774,1309246.0,128,1
20000,20000,671845.4,365318.0567131058,1401600.0,1024,1
