res_x,res_y,mean_runtime,std_runtime,max_runtime,block_size_x_config,block_size_y_config
1000,1000,72102.0,136869.5026877792,345841.0,6,16
2000,2000,71083.2,128677.42221602047,328438.0,6,16
4000,4000,85926.0,135743.00965721955,357412.0,6,16
8000,8000,145925.4,166165.91399273198,478257.0,6,16
16000,16000,375756.8,276795.6509639557,928471.0,6,16
