res_x,res_y,mean_runtime,std_runtime,max_runtime,block_size_x_config,block_size_y_config
1000,1000,70542.8,138071.60058665214,346686.0,128,1
2000,2000,69360.4,129407.31065685586,328175.0,128,1
4000,4000,85722.0,138475.00600613817,362672.0,128,1
8000,8000,147316.0,167147.70048074247,481611.0,128,1
16000,16000,390947.0,282401.72513424914,954878.0,128,1
