res_x,res_y,mean_runtime,std_runtime,max_runtime,block_size_x_config,block_size_y_config
20000,20000,6341851.0,351436.09456059005,7038665.0,1,1
20000,20000,649343.0,369881.95694680756,1388133.0,32,1
20000,20000,625802.6,365252.0859951932,1355307.0,1,32
20000,20000,576077.6,372877.3780430237,1320838.0,128,1
20000,20000,684107.6,370781.6735409667,1424787.0,1024,1
