res_x,res_y,mean_runtime,std_runtime,max_runtime,block_size_x_config,block_size_y_config
1000,1000,147186.2,5988.3614252982425,159161.0,-1,-1
2000,2000,569741.6,4077.784084524339,577843.0,-1,-1
4000,4000,2264063.6,5997.680038148084,2275342.0,-1,-1
8000,8000,9024937.2,5565.230467824312,9035368.0,-1,-1
16000,16000,36093455.8,32118.248628466652,36132834.0,-1,-1
